"Date","EUR","USD"
2005-01-04,661.22,486.05
2005-01-05,649.65,486.05
2005-01-07,646.32,488.75
2005-01-08,651.25,493.37
2005-01-10,653.41,495.01
2005-01-11,651.73,497.39
2005-01-12,656.72,499.67
2005-02-01,622.56,477.61
2005-02-02,616.39,473.16
2005-02-03,624.49,478.13
2005-02-04,617.38,474.87
2005-02-07,614.66,474.35
2005-02-08,608.87,474.05
2005-02-09,604.44,473.55
2005-02-10,603.67,473.02
2005-02-11,606.79,474.91
2005-03-01,624.4,471
2005-03-02,622.08,470.7
2005-03-03,616.4,470.5
2005-03-04,618.1,470.25
2005-03-05,616.47,470.05
2005-03-09,616.47,470.05
2005-03-10,626.39,469.35
2005-03-11,629.35,469.35
2005-04-01,592.8437,457.3
2005-04-04,592.6151,457.3
2005-04-05,588.24,456.6
2005-04-06,582.1633,454.46
2005-04-07,582.9567,453.31
2005-04-08,584.4168,452.23
2005-04-11,579.7136,452.23
2005-04-12,585.7185,451.56
2005-05-02,569.1362,439.25
2005-05-03,564.9044,439.17
2005-05-04,567.091,441.11
2005-05-05,575.0355,443.94
2005-05-06,595.0938,459.39
2005-05-10,594.3061,459.03
2005-05-11,587.5949,457.13
2005-05-12,587.2002,455.83
2005-06-01,549.9379,445.98
2005-06-02,545.3443,445.98
2005-06-03,548.6221,447.38
2005-06-06,550.9404,448.32
2005-06-07,551.7859,449.63
2005-06-08,553.3655,450.44
2005-06-09,560.7297,454.99
2005-06-10,557.9638,455.89
2005-07-01,533.5716,441.26
2005-07-02,533.0971,441.05
2005-07-06,532.7466,440.76
2005-07-07,524.5532,440.32
2005-07-08,526.2993,440.16
2005-07-11,522.6213,439.03
2005-07-12,526.5351,438.56
2005-08-01,541.718,447.96
2005-08-02,546.397,447.17
2005-08-03,548.36,448.85
2005-08-04,552.6292,449
2005-08-05,554.2318,449.9
2005-08-08,558.943,451.27
2005-08-09,558.3447,451.37
2005-08-10,559.2481,452.21
2005-08-11,560.4306,452.8
2005-08-12,564.2414,454.85
2005-09-01,568.5366,466.09
2005-09-02,575.3607,464.45
2005-09-05,581.2649,463.27
2005-09-06,580.8479,463.27
2005-09-07,577.164,462.36
2005-09-08,574.4393,461.36
2005-09-09,570.3215,459.27
2005-09-12,567.4276,457.05
2005-10-03,533.9664,443.42
2005-10-04,528.7154,443.07
2005-10-05,531.7305,445.41
2005-10-06,537.4955,449.9
2005-10-07,543.6019,447.63
2005-10-11,541.0951,447.63
2005-10-12,537.4916,447.09
2005-11-01,542.8986,451.55
2005-11-02,542.3773,451.68
2005-11-03,542.0864,452.04
2005-11-04,544.5301,452.23
2005-11-07,540.0398,452.56
2005-11-08,535.9228,453.25
2005-11-09,533.9924,454.81
2005-11-10,534.5016,455.36
2005-11-11,538.4291,457.77
2005-12-01,525.8036,446.77
2005-12-02,525.9881,447.84
2005-12-05,525.324,449.11
2005-12-06,531.7625,451.91
2005-12-07,535.6316,454.58
2005-12-08,536.4937,458.15
2005-12-09,536.5678,456.11
2005-12-12,533.6955,452.86
2006-01-04,534.7226,453.27
2006-01-05,546.4658,452.26
2006-01-08,549.559,454.82
2006-01-09,549.9534,454.77
2006-01-10,548.933,454.49
2006-01-11,547.0541,453.46
2006-01-12,548.1062,453.43
2006-02-01,544.3648,449.22
2006-02-02,542.9913,449.05
2006-02-03,541.7031,448.95
2006-02-06,541.2374,448.75
2006-02-07,537.7552,448.84
2006-02-08,537.468,448.9
2006-02-09,537.2299,449.64
2006-02-10,538.5245,449.82
2006-03-01,535.0875,450.6
2006-03-02,538.707,450.65
2006-03-03,537.2199,450.65
2006-03-06,542.2222,451.1
2006-03-07,543.0122,451.87
2006-03-09,539.8138,453.13
2006-03-10,539.8806,452.92
2006-04-03,545.2852,450.5
2006-04-04,543.7759,450.78
2006-04-05,551.17,451.15
2006-04-06,553.4576,451.36
2006-04-07,555.7144,451.36
2006-04-10,549.9671,451.57
2006-04-11,546.3545,451.57
2006-04-12,546.4318,451.41
2006-05-02,558.6613,445.61
2006-05-03,563.2457,445.5
2006-05-04,562.4489,445.61
2006-05-05,561.9306,446.26
2006-05-06,567.0394,446.91
2006-05-10,566.8364,446.75
2006-05-11,570.4546,446.4
2006-05-12,566.7521,445.7
2006-06-01,549.618,427.12
2006-06-02,543.2796,426.57
2006-06-05,546.3932,426.37
2006-06-06,550.8316,425.09
2006-06-07,544.0576,423.49
2006-06-08,539.2866,421.68
2006-06-09,533.5201,418.94
2006-06-12,529.3741,418.18
2006-07-03,532.0645,418.52
2006-07-04,534.9801,418.28
2006-07-06,534.7022,418.03
2006-07-07,531.9027,417.67
2006-07-10,534.1076,417.99
2006-07-11,533.7498,417.71
2006-07-12,531.9955,417.71
2006-08-01,527.6984,413.33
2006-08-02,526.3598,412.54
2006-08-03,526.9832,411.77
2006-08-04,524.2766,410.2
2006-08-07,522.0287,408.09
2006-08-08,519.5215,406.13
2006-08-09,517.3796,402.63
2006-08-10,514.7221,399.66
2006-08-11,511.67,397.97
2006-09-01,508.7582,395.89
2006-09-04,505.6563,394.52
2006-09-05,505.8933,393.63
2006-09-06,504.1504,393.56
2006-09-07,502.9696,393.16
2006-09-08,499.7554,392.55
2006-09-11,497.6885,391.48
2006-09-12,494.9552,389.33
2006-10-02,482.979,381.5
2006-10-03,483.2985,381
2006-10-04,485.2797,381
2006-10-05,485.7382,381.36
2006-10-06,485.1281,381.36
2006-10-09,483.3342,381.66
2006-10-10,481.8757,382.35
2006-10-11,480.1427,382.95
2006-10-12,480.2715,382.9
2006-11-01,481.3308,379.12
2006-11-02,485.5569,380.62
2006-11-03,486.7291,381.24
2006-11-06,486.1943,381.03
2006-11-07,483.5143,380.66
2006-11-08,485.5701,380.69
2006-11-09,486.1396,380.51
2006-11-10,486.6319,380.3
2006-12-01,486.5256,368.58
2006-12-04,488.346,368.73
2006-12-05,488.214,366.83
2006-12-06,488.5945,366.51
2006-12-07,486.0939,366.2
2006-12-08,486.7101,366.03
2006-12-11,485.7821,365.91
2006-12-12,481.78,365.62
2007-01-05,479.9319,364.33
2007-01-07,476.8464,364.45
2007-01-08,477.6314,365.05
2007-01-09,474.8621,365.11
2007-01-10,478.45,367.53
2007-01-11,477.3999,367.57
2007-01-12,477.6164,367.85
2007-02-01,464.7895,358.8
2007-02-02,467.2227,358.85
2007-02-05,467.8607,359.34
2007-02-06,464.2789,359.21
2007-02-07,465.5768,359.38
2007-02-08,465.2723,358.26
2007-02-09,464.4932,357.55
2007-02-12,464.571,357.17
2007-03-01,467.6298,353.97
2007-03-02,468.284,354.09
2007-03-05,466.0492,354.06
2007-03-06,463.9232,354.6
2007-03-07,465.4954,355.34
2007-03-09,468.2112,356
2007-03-12,468.5022,356.14
2007-04-02,482.378,362.2
2007-04-03,484.7447,362.67
2007-04-04,485.1626,363.2
2007-04-05,485.2918,363.46
2007-04-06,486.3894,363.71
2007-04-09,486.483,363.78
2007-04-10,488.3017,365.14
2007-04-11,491.7944,366.3
2007-04-12,492.6016,367.12
2007-05-02,485.6985,357
2007-05-03,484.9285,356.88
2007-05-04,486.42,357.32
2007-05-07,484.7379,357.45
2007-05-08,486.7635,357.52
2007-05-10,483.1183,356.94
2007-05-11,481.64,356.06
2007-06-01,467.5859,347.57
2007-06-04,465.5171,346.47
2007-06-05,466.44,345.97
2007-06-06,467.3276,345.35
2007-06-07,466.7525,345.41
2007-06-08,465.9004,345.88
2007-06-11,462.4361,346.42
2007-06-12,463.1781,346.82
2007-07-02,459.8453,340.5
2007-07-03,461.7474,339.82
2007-07-04,461.3731,339.22
2007-07-06,462.4642,339.05
2007-07-09,460.5101,338.71
2007-07-10,461.5612,338.86
2007-07-11,463.3047,339.02
2007-07-12,466.4467,339.16
2007-08-01,461.9944,337.05
2007-08-02,460.1698,336.8
2007-08-03,460.5315,337.04
2007-08-06,461.611,337.09
2007-08-07,465.8324,337.12
2007-08-08,465.1475,337.21
2007-08-09,465.0785,337.16
2007-08-10,463.189,337.38
2007-09-03,461.1458,336.48
2007-09-04,458.7304,336.51
2007-09-05,457.4151,336.83
2007-09-06,458.2553,337.25
2007-09-07,461.8072,337.85
2007-09-10,463.6233,338.51
2007-09-11,467.8436,339.14
2007-09-12,470.1542,340.1
2007-10-01,474.245,334.47
2007-10-02,476.0177,334.47
2007-10-03,472.856,333.82
2007-10-04,472.509,332.87
2007-10-05,469.1666,332.53
2007-10-08,470.5309,332.86
2007-10-09,469.6145,333.32
2007-10-10,468.0638,333.45
2007-10-11,471.3306,333.19
2007-10-12,472.4859,332.76
2007-11-01,469.7587,325.16
2007-11-02,469.2667,325.36
2007-11-05,470.8281,325.18
2007-11-06,470.7151,324.9
2007-11-07,471.4392,324.08
2007-11-08,475.977,323.31
2007-11-09,472.4799,322.16
2007-11-12,471.016,320.79
2007-12-03,453.0741,306.94
2007-12-04,449.5129,306.5
2007-12-05,451.7232,306.44
2007-12-06,449.9462,305.67
2007-12-07,443.4749,304.71
2007-12-10,444.8901,303.7
2007-12-11,446.6913,303.5
2007-12-12,444.5763,303.01
2008-01-03,446.96,304.22
2008-01-07,449.6595,305.33
2008-01-08,450.3177,305.86
2008-01-09,451.5758,307.09
2008-01-10,450.8962,307.15
2008-01-11,451.0618,307.64
2008-01-12,455.33,307.82
2008-02-01,457.4161,307.61
2008-02-04,458.8492,308.18
2008-02-05,457.1336,308.27
2008-02-06,453.6095,308.83
2008-02-07,451.6,308.87
2008-02-08,450.1384,308.97
2008-02-11,449.366,309.63
2008-02-12,450.5402,309.82
2008-03-03,467.3,308.1
2008-03-04,468.4804,308.15
2008-03-05,468.953,308.4
2008-03-06,469.0853,308.69
2008-03-07,469.0853,308.77
2008-03-10,476.2465,308.91
2008-03-11,476.4165,308.9
2008-03-12,476.4154,309.2
2008-04-01,481.3559,307.34
2008-04-02,480.9882,307.38
2008-04-03,480.1588,308.12
2008-04-04,484.4475,308.31
2008-04-07,484.2865,308.62
2008-04-08,486.5302,308.81
2008-04-09,485.9676,309.12
2008-04-10,491.624,309.47
2008-04-11,490.4546,309.65
2008-05-04,476.8596,306.82
2008-05-05,475.4656,306.95
2008-05-06,476.2065,307.23
2008-05-07,475.2386,307.22
2008-05-08,470.9593,307.13
2008-05-12,473.7468,306.97
2008-06-02,475.2702,305.42
2008-06-03,477.59,305.66
2008-06-04,472.3868,305.95
2008-06-05,472.91,306.47
2008-06-06,478.39,306.64
2008-06-09,485.1187,306.94
2008-06-10,477.1889,307.19
2008-06-11,475.98,307.26
2008-06-12,474.4398,307.22
2008-07-01,476.8723,302.68
2008-07-02,478.2304,302.62
2008-07-03,482.0981,303.55
2008-07-04,482.4158,303.75
2008-07-07,475.4994,303.95
2008-07-08,478.9942,304.51
2008-07-09,476.5726,304.15
2008-07-10,477.23,303.91
2008-07-11,478.384,303.12
2008-08-01,468.2741,300.87
2008-08-04,468.6125,300.73
2008-08-05,466.4469,301.05
2008-08-06,465.5202,300.85
2008-08-07,465.8757,301.07
2008-08-08,456.8003,301.24
2008-08-11,454.1041,301.17
2008-08-12,448.3647,301.45
2008-09-01,442.8931,302.44
2008-09-02,438.08,302.02
2008-09-03,434.554,301.56
2008-09-04,437.5279,301.39
2008-09-05,428.9011,301.11
2008-09-08,430.0138,301.87
2008-09-09,428.5811,302.82
2008-09-10,428.0823,302.66
2008-09-11,420.9739,302.75
2008-09-12,426.0777,301.99
2008-10-01,426.782,301.92
2008-10-02,420.1698,302.15
2008-10-03,420.2655,303.2
2008-10-06,412.497,303.91
2008-10-07,412.2614,304.05
2008-10-08,416.3391,305.57
2008-10-09,422.0643,306.51
2008-10-10,418.2076,307.37
2008-11-03,389.8256,303.69
2008-11-04,386.7417,304.09
2008-11-05,390.4752,303.99
2008-11-06,393.3336,304.32
2008-11-07,390.8777,304.41
2008-11-10,391.922,304.77
2008-11-11,389.3424,304.96
2008-11-12,382.9721,305.23
2008-12-01,386.553,305.31
2008-12-02,386.3078,305.72
2008-12-03,386.7093,306.45
2008-12-04,386.7159,306.82
2008-12-05,392.7783,307.82
2008-12-08,397.1151,308.08
2008-12-09,397.1087,308.41
2008-12-10,398.9393,308.49
2008-12-11,405.3382,308.5
2008-12-12,411.8281,308.37
2009-01-08,415.8092,306.26
2009-01-09,419.6727,306.04
2009-01-10,419.7138,306.07
2009-01-12,408.88,305.66
2009-02-02,388.652,305.28
2009-02-03,391.2841,305.19
2009-02-04,395.2885,305.36
2009-02-05,392.4656,305.29
2009-02-06,391.67,305.3
2009-02-09,395.3969,305.94
2009-02-10,394.1588,305.23
2009-02-11,395.5743,305.51
2009-02-12,392.1547,305.25
2009-03-02,385.7067,305.75
2009-03-03,469.5172,372.11
2009-03-04,466.7656,372.95
2009-03-05,460.3931,366.38
2009-03-06,457.005,360.67
2009-03-09,453.5609,359.37
2009-03-10,458.2367,361.28
2009-03-11,468.7437,369.73
2009-03-12,472.8748,369.89
2009-04-01,488.1095,369.85
2009-04-02,491.982,370.58
2009-04-03,499.216,370.85
2009-04-06,502.7263,371.49
2009-04-07,495.6062,372.06
2009-04-08,492.2297,372.65
2009-04-09,497.1831,373.85
2009-04-10,491.9602,374.57
2009-05-04,495.195,372.61
2009-05-05,498.0382,372.56
2009-05-06,496.4817,372.79
2009-05-07,495.4275,372.67
2009-05-08,499.7624,372.54
2009-05-11,506.6747,372.47
2009-05-12,509.4044,373.19
2009-06-01,526.271,369.91
2009-06-02,522.1007,369.93
2009-06-03,526.0405,369.93
2009-06-04,526.2282,370.01
2009-06-05,524.4504,369.8
2009-06-08,513.3657,370.1
2009-06-09,516.19,370.53
2009-06-10,523.7052,370.45
2009-06-11,519.4596,370.17
2009-06-12,519.441,369.63
2009-07-01,506.6287,359.98
2009-07-02,507.6565,360.27
2009-07-03,504.6355,360.66
2009-07-06,503.2094,361.27
2009-07-07,506.1947,362.37
2009-07-08,505.0875,363.32
2009-07-09,508.8213,364.54
2009-07-10,508.1688,365.3
2009-08-03,528.876,370.53
2009-08-04,533.4553,370.18
2009-08-05,531.3071,369.33
2009-08-06,531.8433,369.31
2009-08-07,531.206,369.9
2009-08-10,525.6236,370.34
2009-08-11,525.8369,370.83
2009-08-12,522.6868,370.34
2009-09-01,539.53,376.03
2009-09-02,534.8701,376.06
2009-09-03,537.8696,376.08
2009-09-04,538.2612,376.96
2009-09-07,541.0233,377.23
2009-09-08,544.1188,377.31
2009-09-09,546.534,377.05
2009-09-10,548.7328,377.11
2009-09-11,549.9687,377.13
2009-09-12,550.027,377.17
2009-10-01,559.8204,384.07
2009-10-02,557.8073,383.32
2009-10-05,561.6728,384.26
2009-10-06,567.037,384.98
2009-10-07,567.5205,385.57
2009-10-08,569.5903,385.64
2009-10-09,568.1494,385.84
2009-10-12,568.2707,385.87
2009-11-02,570.7276,386.41
2009-11-03,567.5312,386.47
2009-11-04,571.8448,387.56
2009-11-05,575.1036,387.51
2009-11-06,577.232,387.43
2009-11-09,580.9596,387.72
2009-11-10,581.076,387.72
2009-11-11,583.1402,388.01
2009-11-12,579.672,388
2009-12-01,580.8962,385.67
2009-12-02,582.2174,385.6
2009-12-03,582.7082,385.44
2009-12-04,580.3574,385.21
2009-12-07,570.0073,385.01
2009-12-08,571.428,384.8
2009-12-09,567.2792,384.57
2009-12-10,564.8321,383.9
2009-12-11,566.0077,383.63
2010-01-11,549.1987,378.21
2010-01-12,547.8379,378.08
2010-02-01,523.0577,376.03
2010-02-02,523.7567,375.83
2010-02-03,527.1823,376.29
2010-02-04,523.7489,378.24
2010-02-05,516.89,378.12
2010-02-08,518.1647,378.25
2010-02-09,519.7458,378.52
2010-02-10,521.9726,378.9
2010-02-11,524.4388,381.41
2010-02-12,517.713,381.26
2010-03-01,524.4741,384.54
2010-03-02,520.1127,385.64
2010-03-03,525.9132,385.68
2010-03-04,527.5748,386.53
2010-03-05,527.3755,388.09
2010-03-09,528.6978,388.92
2010-03-10,529.5775,389.94
2010-03-11,534.6661,391.41
2010-03-12,540.0095,392.62
2010-04-01,541.3519,401.15
2010-04-02,544.8188,402.11
2010-04-06,538.9346,402.01
2010-04-07,537.0463,401.2
2010-04-08,531.1087,399.45
2010-04-09,533.583,397.84
2010-04-10,531.8529,396.55
2010-04-12,540.6797,396.8
2010-05-03,508.7307,384.47
2010-05-04,505.1477,384.64
2010-05-05,500.0584,385.55
2010-05-06,495.3768,386.53
2010-05-07,493.3997,387.71
2010-05-10,506.6431,388.53
2010-05-11,493.3078,388.86
2010-05-12,495.2111,389.47
2010-06-01,458.78,377.97
2010-06-02,460.5351,376.87
2010-06-03,463.3656,376.72
2010-06-04,461.1072,377.74
2010-06-07,451.2679,377.63
2010-06-08,449.7674,377.29
2010-06-09,450.2944,376.91
2010-06-10,452.7042,375.47
2010-06-11,453.2784,374.27
2010-07-01,452.2709,367.67
2010-07-02,460.3236,368.2
2010-07-06,464.6538,368.89
2010-07-07,463.1986,368.73
2010-07-08,464.5536,367.12
2010-07-09,463.5728,365.94
2010-08-02,481.8141,368.98
2010-08-03,487.4102,368.58
2010-08-04,485.5403,367.75
2010-08-05,482.9373,366.89
2010-08-06,482.6574,366.01
2010-08-09,485.6231,365.24
2010-08-10,482.2328,365.91
2010-08-11,480.2734,367.35
2010-08-12,471.7749,367.14
2010-09-01,464.3869,363.74
2010-09-02,468.1875,365.03
2010-09-03,468.9178,365.4
2010-09-06,469.4502,364.48
2010-09-07,463.9714,363.5
2010-09-08,461.3982,363.85
2010-09-09,463.5884,364.17
2010-09-10,463.7159,363.87
2010-09-11,463.0278,363.33
2010-10-01,495.3657,361.08
2010-10-04,493.7895,361.01
2010-10-05,497.0912,360.76
2010-10-06,499.7168,360.52
2010-10-07,503.6733,360.72
2010-10-08,502.243,361.17
2010-10-11,504.0312,361.52
2010-10-12,498.3244,361.55
2010-11-01,499.9907,357.98
2010-11-02,500.8683,358.48
2010-11-03,504.4059,359.11
2010-11-04,513.2534,359.9
2010-11-05,511.2742,360.84
2010-11-08,505.5362,362.99
2010-11-09,506.4492,364.09
2010-11-10,504.3924,365.29
2010-11-11,501.1725,365.02
2010-11-12,496.2776,364
2010-12-01,468.7525,358.73
2010-12-02,474.0127,359.4
2010-12-03,477.0435,360.06
2010-12-06,477.176,360.16
2010-12-07,481.7912,360.11
2010-12-08,475.8561,359.87
2010-12-09,475.2812,359.68
2010-12-10,476.9073,359.93
2011-01-10,469.432,363.45
2011-01-11,470.2761,363.85
2011-01-12,474.4196,364.07
2011-02-01,500.166,363.81
2011-02-02,504.1939,364.75
2011-02-03,503.3055,365.27
2011-02-04,497.1362,364.71
2011-02-07,495.4844,364.3
2011-02-08,494.991,363.75
2011-02-09,495.8731,363.49
2011-02-10,495.7913,363.75
2011-02-11,492.2642,364.02
2011-03-01,508.06,367.2
2011-03-02,506.43,367.22
2011-03-03,509.69,367.82
2011-03-04,513.15,367.53
2011-03-09,510.3,367.6
2011-03-10,509.11,367.99
2011-03-11,507.76,368.1
2011-03-12,507.41,367.85
2011-04-01,524.01,369.93
2011-04-04,525.65,370.2
2011-04-05,526.1,371.12
2011-04-06,530.78,371.38
2011-04-07,530.72,371.29
2011-04-08,537.45,373.05
2011-04-11,541.18,374.31
2011-04-12,542.67,376.02
2011-05-02,549.2,370.68
2011-05-03,550.67,371.82
2011-05-04,553.63,372.79
2011-05-05,555.82,373.16
2011-05-06,541.59,372.84
2011-05-10,534.96,372.46
2011-05-11,536.51,372.24
2011-05-12,529.21,372.92
2011-06-01,541.66,376.1
2011-06-02,541.62,375.97
2011-06-03,545.59,376.58
2011-06-06,551.17,376.51
2011-06-07,552.56,376.56
2011-06-08,551.92,376.48
2011-06-09,550.86,376.63
2011-06-10,545.77,376.76
2011-07-01,535.86,368.87
2011-07-06,530.41,369.42
2011-07-07,529.16,369.78
2011-07-08,527.93,369.21
2011-07-09,527.16,368.67
2011-07-11,520.25,368.37
2011-07-12,512.69,368.6
2011-08-02,515.98,363.52
2011-08-03,520.45,364.05
2011-08-04,521.56,365.7
2011-08-05,518.46,366.56
2011-08-06,519.57,367.34
2011-08-08,526.41,367.3
2011-08-09,523.65,367.76
2011-08-10,529.17,368.27
2011-08-11,525.33,368.52
2011-08-12,523.41,368.03
2011-09-01,525.45,367.5
2011-09-02,524.65,368.46
2011-09-05,521.97,369.12
2011-09-06,524.37,369.77
2011-09-07,522.4,370.73
2011-09-08,523.33,371.92
2011-09-09,516.5,372.87
2011-10-03,499.13,374.33
2011-10-04,494.7,375.17
2011-10-05,500.15,375.29
2011-10-06,501.42,374.89
2011-10-07,503.61,375.1
2011-10-10,509.96,375.94
2011-10-11,511.07,376.09
2011-10-12,518.03,376.23
2011-11-01,519.18,378.96
2011-11-02,521.16,378.94
2011-11-03,522.39,378.98
2011-11-04,525.4,379.35
2011-11-07,521.4,380.47
2011-11-08,527.01,382.89
2011-11-09,526.26,383.91
2011-11-10,522.49,383.73
2011-11-11,523.98,384.09
2011-12-01,515.55,381.86
2011-12-02,514,381.22
2011-12-05,514.3,382.21
2011-12-06,512.39,383.24
2011-12-07,514.86,383.62
2011-12-08,514.06,383.54
2011-12-09,511.24,383.12
2011-12-12,507.38,382.67
2012-01-09,493.27,386.15
2012-01-10,495.18,387.07
2012-01-11,494.83,387.04
2012-01-12,494.24,387.61
2012-02-01,508.48,386.85
2012-02-02,509,387.31
2012-02-03,511.07,388.2
2012-02-06,506.37,388.26
2012-02-07,510.44,388.11
2012-02-08,514.86,388.37
2012-02-09,515.9,388.71
2012-02-10,515.44,388.69
2012-03-01,518.27,388.57
2012-03-02,515.41,388.93
2012-03-05,512.68,388.72
2012-03-06,512.65,388.87
2012-03-07,512.18,389.79
2012-03-12,511.56,389.82
2012-04-02,522.15,390.95
2012-04-03,522.34,391.47
2012-04-04,515.49,391.32
2012-04-05,510.83,391.17
2012-04-06,510.99,391.14
2012-04-10,511.31,391.27
2012-04-11,514.56,391.48
2012-04-12,513.92,391.77
2012-05-02,515.28,392.06
2012-05-03,514.72,391.87
2012-05-04,514.63,391.86
2012-05-07,510.87,392.13
2012-05-08,510.96,392.47
2012-05-10,508.28,393.07
2012-05-11,509.19,393.41
2012-06-01,500.72,406.36
2012-06-04,506.05,407.09
2012-06-05,507.65,408.34
2012-06-06,516.2,413.26
2012-06-07,520.15,413.24
2012-06-08,515.03,412.75
2012-06-11,518.79,412.52
2012-06-12,517.47,413.61
2012-07-02,528.32,418.34
2012-07-03,526.77,418.44
2012-07-04,526.72,418.66
2012-07-09,514.42,418.64
2012-07-10,514.58,417.71
2012-07-11,510.57,415.84
2012-07-12,505.17,413.5
2012-08-01,502.69,408.36
2012-08-02,502.25,409.03
2012-08-03,501.58,409.79
2012-08-06,508.14,411.02
2012-08-07,512.12,413
2012-08-08,511.51,413.94
2012-08-09,509.94,413.31
2012-08-10,506.92,412.97
2012-09-03,513.26,408.55
2012-09-04,515.87,409.19
2012-09-05,515.05,410.5
2012-09-06,519.35,411.82
2012-09-07,522.4,412.02
2012-09-10,526.58,412.1
2012-09-11,526.8,411.69
2012-09-12,531.04,410.83
2012-10-01,525.11,407.09
2012-10-02,526.7,407.98
2012-10-03,527.79,408.38
2012-10-04,528.65,408.38
2012-10-05,530.24,407.56
2012-10-08,527.1,406.59
2012-10-09,525.71,406.33
2012-10-10,522.92,406.78
2012-10-11,523.95,406.67
2012-10-12,528.69,407.66
2012-11-01,524.38,405.52
2012-11-02,522.67,405.96
2012-11-05,520.17,406.57
2012-11-06,520.98,407.3
2012-11-07,523.74,407.93
2012-11-08,520.22,408.56
2012-11-09,521.11,408.91
2012-11-12,520.27,409.5
2012-12-03,529.36,405.92
2012-12-04,532.12,407.16
2012-12-05,533.19,407.36
2012-12-06,532.39,407.09
2012-12-07,526.89,407.24
2012-12-10,525.12,407.13
2012-12-11,527.61,406.76
2012-12-12,528.34,405.98
2013-01-08,529.8,403.87
2013-01-09,530.57,406.01
2013-01-10,533.95,407.47
2013-01-11,542.12,408.59
2013-02-01,555.9,406.57
2013-02-04,552.12,406.54
2013-02-05,548.79,405.79
2013-02-06,549.68,406.03
2013-02-07,550.67,406.01
2013-02-08,544.78,406.1
2013-02-11,544.39,406.29
2013-02-12,544.05,406.49
2013-03-01,533.08,409.24
2013-03-04,533.34,410.67
2013-03-05,536.08,410.6
2013-03-06,535.08,410.53
2013-03-07,535.48,410.58
2013-03-11,534.09,410.71
2013-03-12,534.98,411.21
2013-04-02,536.36,417.63
2013-04-03,535.96,417.84
2013-04-04,534.78,418.06
2013-04-05,540.71,418.25
2013-04-08,544.61,418.51
2013-04-09,545.99,418.77
2013-04-10,547.78,418.31
2013-04-11,547.44,418.02
2013-04-12,546.95,417.65
2013-05-02,541.86,411.5
2013-05-03,543.17,413.97
2013-05-06,543.92,414.95
2013-05-07,543.67,415.17
2013-05-08,545.6,415.25
2013-06-01,541.55,417.19
2013-06-03,543.24,417.17
2013-06-04,544.98,416.84
2013-06-05,543.53,416.02
2013-06-06,544.08,414.92
2013-06-07,548.61,414.14
2013-06-10,546.19,413.06
2013-06-11,547.06,411.94
2013-06-12,545.75,410.83
2013-07-01,535.04,409.87
2013-07-02,535.16,410.81
2013-07-03,533.13,411.3
2013-07-04,535.37,411.76
2013-07-09,529.89,411.76
2013-07-10,527.25,411.5
2013-07-11,535.72,410.7
2013-07-12,534.89,409.78
2013-08-01,542.21,409.62
2013-08-02,541.84,410.11
2013-08-05,545.33,410.61
2013-08-06,545.51,410.5
2013-08-07,544.38,409.49
2013-08-08,545.89,408.6
2013-08-09,545.33,407.48
2013-08-12,541.65,407.53
2013-09-02,537.78,406.76
2013-09-03,537.35,407.73
2013-09-04,540.69,410.39
2013-09-05,543.96,412
2013-09-06,540.44,412.14
2013-09-09,542.73,411.5
2013-09-10,544.06,410.83
2013-09-11,543.21,409.6
2013-09-12,543.85,409.28
2013-10-01,548.95,405.34
2013-10-02,548.51,405.4
2013-10-03,551.41,405.33
2013-10-04,551.11,405.29
2013-10-07,550.43,405.59
2013-10-08,550.6,405.75
2013-10-09,549.75,406.2
2013-10-10,551.1,407.5
2013-10-11,554.17,408.14
2013-11-01,548.11,405.26
2013-11-04,547.18,405.29
2013-11-05,547.55,405.77
2013-11-06,548.56,406.22
2013-11-07,549.26,406.32
2013-11-08,545.03,405.95
2013-11-11,542.83,405.43
2013-11-12,541.81,405.06
2013-12-02,547.26,403.91
2013-12-03,548.5,404.23
2013-12-04,550.21,404.98
2013-12-05,552.27,406.11
2013-12-06,556.16,406.94
2013-12-09,558.01,406.8
2013-12-10,557.45,405.51
2013-12-11,556.98,404.84
2013-12-12,557.33,404.77
2014-01-08,552.29,405.95
2014-01-09,553.52,406.61
2014-01-10,554.92,408.09
2014-02-01,552.19,408.03
2014-02-03,552.18,408.75
2014-02-04,553.87,409.94
2014-02-05,554.15,410.15
2014-02-06,554.15,409.72
2014-02-07,557.05,410.59
2014-02-10,560.25,411.01
2014-02-11,562.47,411.49
2014-02-12,562.61,412.5
2014-03-03,569.86,413.6
2014-03-04,569.59,414.16
2014-03-05,568.89,414.4
2014-03-06,569.45,414.66
2014-03-07,575.3,414.54
2014-03-10,575.55,414.84
2014-03-11,574.55,414.9
2014-03-12,575.02,414.94
2014-04-01,570.55,413.62
2014-04-02,570.88,413.98
2014-04-03,570.99,414.84
2014-04-04,569.06,415.13
2014-04-07,569.56,415.22
2014-04-08,571.65,415.23
2014-04-09,572.84,415.28
2014-04-10,576.48,415.66
2014-04-11,577.13,415.44
2014-05-05,573.95,413.81
2014-05-06,576.2,413.76
2014-05-07,575.38,413.29
2014-05-08,576.07,413.19
2014-05-12,568.82,413.21
2014-06-02,562.47,413.49
2014-06-03,562.9,413.59
2014-06-04,563.18,413.71
2014-06-05,562.79,413.36
2014-06-06,562.66,413.08
2014-06-09,562.19,412.86
2014-06-10,557.72,412
2014-06-11,557.03,411.67
2014-06-12,556.69,411.75
2014-07-01,558.51,407.85
2014-07-02,557.19,407.9
2014-07-03,556.95,407.99
2014-07-04,554.12,407.8
2014-07-07,554.19,407.67
2014-07-08,553.98,407.55
2014-07-09,554.62,407.42
2014-07-10,555.21,407.52
2014-07-11,554.66,407.69
2014-08-01,544.17,406.28
2014-08-02,544.89,406.82
2014-08-04,546.99,407.59
2014-08-05,546.97,408.43
2014-08-06,547,409.49
2014-08-07,548.89,410.26
2014-08-08,551.51,411.85
2014-08-11,551.59,411.97
2014-08-12,549.68,411.99
2014-09-01,540.35,411.26
2014-09-02,539.28,411.29
2014-09-03,539.86,410.73
2014-09-04,539.14,410.15
2014-09-05,530.71,409.66
2014-09-08,530.36,409.7
2014-09-09,527.93,409.69
2014-09-10,530.1,409.5
2014-09-11,528.96,409.35
2014-09-12,528.63,409.06
2014-10-01,514.12,407.58
2014-10-02,515.23,407.68
2014-10-03,514.62,407.88
2014-10-06,512.36,408.48
2014-10-07,515.76,409.46
2014-10-08,519.3,410.22
2014-10-09,525.51,411.94
2014-10-10,522.56,412.37
2014-11-03,513.97,411.21
2014-11-04,515.48,412.25
2014-11-05,516.06,413.51
2014-11-06,517.76,413.94
2014-11-07,513.9,414.6
2014-11-10,518.02,414.95
2014-11-11,515.14,415.3
2014-11-12,516.8,415.33
2014-12-01,542.55,435.26
2014-12-02,549.95,442.33
2014-12-03,545.45,442.48
2014-12-04,546.58,443.83
2014-12-05,553.91,447.86
2014-12-08,554.72,452.5
2014-12-09,561.84,455.08
2014-12-10,566.65,457.31
2014-12-11,570.33,459.09
2014-12-12,575.04,462.81
2015-01-12,561.08,474.93
2015-02-02,540.84,476.64
2015-02-03,539.76,476.23
2015-02-04,545.75,476.51
2015-02-05,542.65,476.51
2015-02-06,546.88,477.46
2015-02-09,542.95,478.62
2015-02-10,540.33,478.85
2015-02-11,542.76,479.47
2015-02-12,543.29,479.05
2015-03-02,536.8,478.6
2015-03-03,534.56,478.57
2015-03-04,533.18,479.05
2015-03-05,529.22,479.54
2015-03-06,526.06,479.59
2015-03-09,522.19,479.51
2015-03-10,516.41,480.38
2015-03-11,510.66,481.53
2015-03-12,510.41,481.75
2015-04-01,506.4,471.33
2015-04-02,511.34,472.37
2015-04-03,514.73,473.05
2015-04-07,514.69,474.15
2015-04-08,516.17,474.99
2015-04-09,510.79,475.55
2015-04-10,505.68,476.34
2015-04-11,505.66,476.32
2015-05-04,532.16,478.26
2015-05-05,534.35,480.62
2015-05-06,539.78,481.39
2015-05-07,547.14,480.96
2015-05-08,540.62,480.98
2015-05-11,536.37,480.49
2015-05-12,541.41,480.57
2015-06-01,521.89,478.05
2015-06-02,524.24,477.19
2015-06-03,530.87,477.4
2015-06-04,542.27,477.52
2015-06-05,537.14,476.86
2015-06-08,529.91,476.24
2015-06-09,536.6,476.17
2015-06-10,538.95,476.86
2015-06-11,538.1,477.12
2015-06-12,532.77,476.62
2015-07-01,525.44,472.22
2015-07-02,523.24,472.45
2015-07-03,526.22,473.52
2015-07-06,523.21,473.45
2015-07-07,521.54,474.39
2015-07-08,524.33,474.94
2015-07-09,524.91,475.63
2015-07-10,531.89,476.35
2015-08-03,524.37,478
2015-08-04,525.41,478.47
2015-08-05,519.44,478.53
2015-08-06,520.99,478.32
2015-08-07,522.34,478.29
2015-08-10,523.59,478.6
2015-08-11,527.53,478.57
2015-08-12,532.27,478.32
2015-09-01,543.83,483.02
2015-09-02,545.58,484.4
2015-09-03,545.16,485.49
2015-09-04,540.72,485.43
2015-09-07,542,485.4
2015-09-08,541.46,485.18
2015-09-09,542.65,485.55
2015-09-10,543.25,485.61
2015-09-11,546.59,485.08
2015-10-01,527.13,472.85
2015-10-02,528.08,473.15
2015-10-05,534.41,473.81
2015-10-06,530.83,473.45
2015-10-07,530.8,472.37
2015-10-08,533.54,472.16
2015-10-09,536.19,473.08
2015-10-12,539.54,473.99
2015-11-02,520.83,473.4
2015-11-03,521.07,474.48
2015-11-04,519.26,475.56
2015-11-05,517.43,476.32
2015-11-06,519.09,477.72
2015-11-09,516.81,479.86
2015-11-10,516.87,481.62
2015-11-11,518.9,482.65
2015-11-12,515.21,480.88
2015-12-01,511.57,482.93
2015-12-02,512.97,483.71
2015-12-03,511.78,484.59
2015-12-04,527.59,484.43
2015-12-07,523.92,484.44
2015-12-08,526.03,484.6
2015-12-09,529.88,484.79
2015-12-10,532.21,485.24
2015-12-11,530.55,484.79
2016-01-08,526.85,484.68
2016-01-11,528.13,485.1
2016-01-12,524.93,483.67
2016-02-01,531.03,489.16
2016-02-02,534.59,489.82
2016-02-03,536.97,491.78
2016-02-04,549.33,492.41
2016-02-05,552.7,493.7
2016-02-08,552.9,494.63
2016-02-09,553.01,494.24
2016-02-10,557.72,495.09
2016-02-11,561.41,495.86
2016-02-12,560.29,496.05
2016-03-01,534.03,491.6
2016-03-02,533.1,490.48
2016-03-03,532.48,490
2016-03-04,538,490.7
2016-03-09,538.18,490.73
2016-03-10,538.37,490.9
2016-03-11,545.19,490.63
2016-03-12,544.74,490.23
2016-04-01,548.33,480.61
2016-04-02,548.64,480.88
2016-04-04,547.41,481.66
2016-04-05,547.19,481.94
2016-04-06,547.13,482.01
2016-04-07,549.84,482.61
2016-04-08,549.96,483.48
2016-04-11,550.66,483.88
2016-04-12,552.49,483.79
2016-05-02,549.67,478.56
2016-05-03,554.62,478.49
2016-05-04,549.64,478.74
2016-05-05,547.34,478.61
2016-05-06,547.02,478.96
2016-05-10,545.18,479.03
2016-05-11,545.88,479.09
2016-05-12,547.1,479.45
2016-06-01,533.31,477.88
2016-06-02,535.49,477.99
2016-06-03,532.65,478.06
2016-06-06,542.58,478.3
2016-06-07,544.23,478.82
2016-06-08,544.47,478.82
2016-06-09,543.95,478.87
2016-06-10,540.83,479.16
2016-07-01,529.66,476.83
2016-07-04,531.03,477.16
2016-07-06,527.39,476.93
2016-07-07,528.92,476.93
2016-07-08,527.4,476.72
2016-07-11,525.84,476.74
2016-07-12,529.08,476.35
2016-08-01,532.21,476.38
2016-08-02,532.97,476.04
2016-08-03,532.8,476.14
2016-08-04,529.78,476.16
2016-08-05,530.29,476.02
2016-08-08,528.04,476.14
2016-08-09,528,476.19
2016-08-10,532.02,476.25
2016-08-11,530.78,476.25
2016-08-12,530.87,476.2
2016-09-01,528.9,474.69
2016-09-02,530.61,474.78
2016-09-05,530.01,474.75
2016-09-06,529.97,474.71
2016-09-07,533.32,474.57
2016-09-08,535.56,474.96
2016-09-09,534.59,474.26
2016-10-03,532.97,474.34
2016-10-04,529.29,474.36
2016-10-05,531.58,473.86
2016-10-06,530.43,474.49
2016-10-07,527.84,474.59
2016-10-10,529.88,474.46
2016-10-11,528.06,475.34
2016-10-12,524.91,476.24
2016-11-01,522.66,475.36
2016-11-02,527.28,475.84
2016-11-03,528.35,476.16
2016-11-04,529.23,476.83
2016-11-07,528.56,477.86
2016-11-08,529.78,479.48
2016-11-09,528.74,478.63
2016-11-10,521.16,478.39
2016-11-11,518.68,477.34
2016-12-01,511.19,480.71
2016-12-02,511.65,480.74
2016-12-05,511.51,480.92
2016-12-06,518.51,481.62
2016-12-07,516.89,482.26
2016-12-08,521.61,482.84
2016-12-09,513.85,483.58
2016-12-12,513.71,484.86
2017-01-09,509.93,484.63
2017-01-10,513.65,484.71
2017-01-11,510.8,485
2017-01-12,516.45,485.39
2017-02-01,524.17,485.97
2017-02-02,525.51,485.91
2017-02-03,521.8,485.8
2017-02-06,522.03,485.79
2017-02-07,518.05,486.07
2017-02-08,517.78,486.36
2017-02-09,520.68,486.66
2017-02-10,518.04,486.79
2017-03-01,512.94,486.71
2017-03-02,512.26,486.75
2017-03-03,511.94,486.82
2017-03-06,516.01,486.71
2017-03-07,514.02,486.62
2017-03-09,513.56,486.46
2017-03-10,515.82,486.03
2017-04-03,515.96,483.83
2017-04-04,515.89,484.18
2017-04-05,516.88,484.56
2017-04-06,517.09,484.8
2017-04-07,516.19,485.23
2017-04-10,513.68,485.61
2017-04-11,514.13,486.04
2017-04-12,516.06,486.57
2017-05-02,529.22,484.68
2017-05-03,528.96,484.84
2017-05-04,529.95,484.77
2017-05-05,531.16,484.77
2017-05-06,531.06,484.68
2017-05-10,526.46,484.41
2017-05-11,526.59,484.44
2017-05-12,526.44,484.17
2017-06-01,541.64,482.14
2017-06-02,540.94,482.12
2017-06-05,543.19,482.19
2017-06-06,542.7,482.49
2017-06-07,543.85,482.56
2017-06-08,541.97,482.57
2017-06-09,539.12,482.48
2017-06-12,541.21,482.62
2017-07-03,546.5,480.57
2017-07-04,545.05,480.26
2017-07-06,545.17,479.82
2017-07-07,547.34,479.53
2017-07-10,545.92,479.55
2017-07-11,545.97,479.13
2017-07-12,548.69,478.91
2017-08-01,565.48,478.61
2017-08-02,566.45,478.58
2017-08-03,567.04,478.72
2017-08-04,568.83,478.77
2017-08-07,564.96,478.74
2017-08-08,565.54,478.91
2017-08-09,562.01,478.71
2017-08-10,560.57,478.75
2017-08-11,562.64,478.52
2017-09-01,570.65,478.45
2017-09-04,569.75,478.22
2017-09-05,568.3,478.29
2017-09-06,570.8,478.26
2017-09-07,572.99,478.25
2017-09-08,576.71,478.16
2017-09-11,574.49,478.22
2017-09-12,572.06,478.35
2017-10-02,560.74,478.04
2017-10-03,561.3,478.27
2017-10-04,562.57,478.38
2017-10-05,562.9,478.45
2017-10-06,560.38,478.75
2017-10-09,562.48,478.95
2017-10-10,566.07,479.56
2017-10-11,566.9,480.22
2017-10-12,569.32,480.32
2017-11-01,562.04,483.06
2017-11-02,563.46,483.99
2017-11-03,564.15,484.37
2017-11-06,562.93,485.16
2017-11-07,561.81,485.74
2017-11-08,563.77,486.22
2017-11-09,565.32,487.3
2017-11-10,568.08,487.29
2017-12-01,576.26,484.21
2017-12-04,574.19,484.34
2017-12-05,574.52,484.66
2017-12-06,573.47,484.96
2017-12-07,572.16,485.33
2017-12-08,569.44,485.25
2017-12-11,571.76,484.75
2017-12-12,570.43,484.11
2018-01-08,581.58,484.93
2018-01-09,578.89,484.91
2018-01-10,578.65,484.75
2018-01-11,578.65,484.31
2018-01-12,586.16,483.51
2018-02-01,598.63,480.98
2018-02-02,600.58,481.04
2018-02-05,600,481.58
2018-02-06,597.85,481.98
2018-02-07,595.7,482.35
2018-02-08,589.27,481.86
2018-02-09,592.49,483.11
2018-02-12,591.78,482.57
2018-03-01,585.83,480.94
2018-03-02,590.18,480.8
2018-03-05,592.38,480.79
2018-03-06,592.2,480.64
2018-03-07,597.16,480.73
2018-03-12,591.96,480.72
2018-04-03,591.02,480.23
2018-04-04,589.64,480.28
2018-04-05,589.46,480.21
2018-04-06,588.23,480.46
2018-04-07,588.57,480.74
2018-04-09,589.85,480.88
2018-04-10,593.67,481.76
2018-04-11,597.96,483.12
2018-04-12,596.72,483.72
2018-05-02,580,483.29
2018-05-03,581.17,484.71
2018-05-04,579.81,484.75
2018-05-05,580.55,485.37
2018-05-07,579.98,486.19
2018-05-08,578.13,486.68
2018-05-10,577.79,486.56
2018-05-11,580.11,486.06
2018-06-01,565.67,482.86
2018-06-04,566.49,482.9
2018-06-05,565.23,483.02
2018-06-06,568.94,483.3
2018-06-07,571.63,483.49
2018-06-08,568.41,483.22
2018-06-11,569.67,483.14
2018-06-12,569.43,482.85
2018-07-02,561.67,482.49
2018-07-03,562.59,482.7
2018-07-04,561.86,482.95
2018-07-06,565.7,483.17
2018-07-09,568.13,482.61
2018-07-10,565.09,482.24
2018-07-11,564.5,482.23
2018-07-12,562.14,481.49
2018-08-01,561.89,480.95
2018-08-02,558.77,481.16
2018-08-03,557.13,481.28
2018-08-06,556.81,481.5
2018-08-07,558.23,481.69
2018-08-08,558.62,481.78
2018-08-09,558.66,481.81
2018-08-10,552.65,482.16
2018-09-03,560.62,483.38
2018-09-04,559.1,483.73
2018-09-05,560.35,484.1
2018-09-06,563.01,484.52
2018-09-07,564.03,484.69
2018-09-10,561.33,484.95
2018-09-11,562.83,485.41
2018-09-12,562.69,485.37
2018-10-01,561.33,483.28
2018-10-02,556.7,483.46
2018-10-03,560.19,484.26
2018-10-04,557.67,485.06
2018-10-05,558.14,485.51
2018-10-08,557.72,485.99
2018-10-09,556.51,485.99
2018-10-10,558.03,485.62
2018-11-01,553.65,486.55
2018-11-02,556.86,486.85
2018-11-03,557.21,487.16
2018-11-05,554.99,487.52
2018-11-06,556.28,487.88
2018-11-07,560.22,487.66
2018-11-08,556.85,487.82
2018-11-09,553.19,487.95
2018-11-12,549.84,488.57
2018-12-03,551.32,485.06
2018-12-04,553.61,485.2
2018-12-05,550.03,485.12
2018-12-06,550.19,485.26
2018-12-07,551.29,484.99
2018-12-10,553.48,485.13
2018-12-11,552.35,485.28
2018-12-12,549.84,485.12
2019-01-08,554.56,484.37
2019-01-09,555.67,484.79
2019-01-10,559.32,485.52
2019-01-11,559.75,485.98
2019-02-01,558.67,487.07
2019-02-04,557.78,487.44
2019-02-05,556.9,487.65
2019-02-06,556.03,488.26
2019-02-07,554.22,488.69
2019-02-08,554.06,489.19
2019-02-11,553.68,489.85
2019-02-12,552,489.62
2019-03-01,556.75,490.18
2019-03-04,556.58,490.68
2019-03-05,555.65,490.6
2019-03-06,553.43,489.76
2019-03-07,553.05,489.08
2019-03-11,549.74,488.57
2019-03-12,550.22,488.09
2019-04-01,546.54,486.42
2019-04-02,544.99,486.47
2019-04-03,547.51,486.85
2019-04-04,547.08,487.29
2019-04-05,547.28,487.42
2019-04-08,547.7,487.32
2019-04-09,548.53,486.54
2019-04-10,547.87,485.83
2019-04-11,546.99,485.01
2019-04-12,548.75,485.02
2019-05-02,538.02,480.46
2019-05-03,536.28,480.75
2019-05-06,538.8,481.29
2019-05-07,539.53,481.64
2019-05-08,539.84,481.96
2019-05-10,541.62,482.17
2019-06-03,536.58,480.2
2019-06-04,539.93,480.02
2019-06-05,541.3,479.79
2019-06-06,538.8,479.57
2019-06-07,539.75,479.61
2019-06-10,542.19,479.52
2019-06-11,542.59,479.36
2019-06-12,542.68,479.02
2019-07-01,540.18,476.98
2019-07-02,539.41,477.1
2019-07-03,538.41,477.02
2019-07-04,538.31,477.01
2019-07-08,535.51,476.9
2019-07-09,534.34,477
2019-07-10,534.88,476.59
2019-07-11,537.27,476.94
2019-07-12,536.6,476.68
2019-08-01,525.37,475.91
2019-08-02,528.07,475.9
2019-08-05,530.87,476.15
2019-08-06,533.38,476.19
2019-08-07,532.97,476.47
2019-08-08,533.85,476.21
2019-08-09,533.42,476.13
2019-08-12,532.22,475.9
2019-09-02,522.03,476.17
2019-09-03,521.2,476.33
2019-09-04,525.01,476.5
2019-09-05,526.07,476.34
2019-09-06,525.68,476.55
2019-09-09,526.13,476.65
2019-09-10,526.18,476.35
2019-09-11,524.83,476.34
2019-09-12,525.18,476.22
2019-10-01,518.52,476.01
2019-10-02,519.92,476.16
2019-10-03,521.29,476.24
2019-10-04,522.96,476.33
2019-10-07,522.98,476.52
2019-10-08,523.69,476.6
2019-10-09,523.59,476.68
2019-10-10,525.8,476.7
2019-10-11,525.36,476.73
2019-11-01,531.16,476.46
2019-11-04,532.11,476.59
2019-11-05,530.42,476.57
2019-11-06,528.86,476.84
2019-11-07,528.8,477.34
2019-11-08,526.75,477.17
2019-11-11,526.33,477.22
2019-11-12,526.81,477.4
2019-12-02,526.57,478.05
2019-12-03,529.84,478.02
2019-12-04,529.15,477.83
2019-12-05,530.13,477.94
2019-12-06,530.47,478.03
2019-12-09,528.87,477.97
2019-12-10,529.5,478.02
2019-12-11,529.79,478.02
2019-12-12,531.55,477.71
